,PERGUNTA,RESPOSTA,CLASSE,NOMES
,Quais são as aplicações do algoritmo Random Forest?,"O Random Forest não possui uma área de aplicação específica, ou seja, existem diversas áreas que o algoritmo pode ser usado, tal como na medicina, setores financeiros, eletrônicos e bancários.",aplicacao,Douglas Dallavale e Vinícius Vianna
,Em que o algoritmo Random Forest pode ser aplicado?,"O Random Forest não possui uma área de aplicação específica, ou seja, existem diversas áreas que o algoritmo pode ser usado, tal como na medicina, setores financeiros, eletrônicos e bancários.",aplicacao,Douglas Dallavale e Vinícius Vianna
,Onde o algoritmo Random Forest pode ser aplicado?,"O Random Forest não possui uma área de aplicação específica, ou seja, existem diversas áreas que o algoritmo pode ser usado, tal como na medicina, setores financeiros, eletrônicos e bancários.",aplicacao,Douglas Dallavale e Vinícius Vianna
,Qual a área de aplicação do algoritmo Random Forest?,"O Random Forest não possui uma área de aplicação específica, ou seja, existem diversas áreas que o algoritmo pode ser usado, tal como na medicina, setores financeiros, eletrônicos e bancários.",aplicacao,Douglas Dallavale e Vinícius Vianna
,No quê se aplica o Random Forest?,"O Random Forest não possui uma área de aplicação específica, ou seja, existem diversas áreas que o algoritmo pode ser usado, tal como na medicina, setores financeiros, eletrônicos e bancários.",aplicacao,Douglas Dallavale e Vinícius Vianna
,O que é o algoritmo Random Forest?,Trata-se de um algoritmo de aprendizagem de máquina não supervisionado,conceito,Douglas Dallavale e Vinícius Vianna
,Do que se trata o algoritmo Random Forest?,Trata-se de um algoritmo de aprendizagem de máquina não supervisionado,conceito,Douglas Dallavale e Vinícius Vianna
,O que define o algoritmo Random Forest?,Trata-se de um algoritmo de aprendizagem de máquina não supervisionado,conceito,Douglas Dallavale e Vinícius Vianna
,Random Forest é o único algoritmo que soluciona o(s) problema(s) em que se propõe?,"Não, existem outros algoritmos que são capazes de criar árvores de desisão. Porém ele é um dos mais eficientes nesse quesito. ",comparacao,Douglas Dallavale e Vinícius Vianna
,Há outros algoritmos além do Random Forest que solucionam os mesmos problemas?,"Não, existem outros algoritmos que são capazes de criar árvores de desisão. Porém ele é um dos mais eficientes nesse quesito. ",comparacao,Douglas Dallavale e Vinícius Vianna
,Existe mais de um algoritmo que solucione os mesmos problemas do Random Forest?,"Não, existem outros algoritmos que são capazes de criar árvores de desisão. Porém ele é um dos mais eficientes nesse quesito. ",comparacao,Douglas Dallavale e Vinícius Vianna
,Existem alternativas para o algoritmo Random Forest?,"Não, existem outros algoritmos que são capazes de criar árvores de desisão. Porém ele é um dos mais eficientes nesse quesito. ",comparacao,Douglas Dallavale e Vinícius Vianna
,É possível paralelizar o algoritmo Random Forest?,"Sim, visto que existem versões deste algoritmos que são implementados com técnicas de paralelismo, vulgo Parallel Random Forest.",funcionamento,Douglas Dallavale e Vinícius Vianna
,O algoritmo Random Forest pode ser paralelizado?,"Sim, visto que existem versões deste algoritmos que são implementados com técnicas de paralelismo, vulgo Parallel Random Forest.",funcionamento,Douglas Dallavale e Vinícius Vianna
,Pode haver implementações do Random Forest que sejam paralelas?,"Sim, visto que existem versões deste algoritmos que são implementados com técnicas de paralelismo, vulgo Parallel Random Forest.",funcionamento,Douglas Dallavale e Vinícius Vianna
,O paralelismo pode ser aplicado na implementação do Random Forest?,"Sim, visto que existem versões deste algoritmos que são implementados com técnicas de paralelismo, vulgo Parallel Random Forest.",funcionamento,Douglas Dallavale e Vinícius Vianna
,Random Forest utiliza programação dinâmica para resolução dos problemas?," Depende de sua implementação, e pode ser utilizado para o Random Forest ser otimizado. Mas originalmente ele não é.",funcionamento,Douglas Dallavale e Vinícius Vianna
,Random Forest faz uso da programação dinâmica para resolver os problemas?," Depende de sua implementação, e pode ser utilizado para o Random Forest ser otimizado. Mas originalmente ele não é.",funcionamento,Douglas Dallavale e Vinícius Vianna
,A programação dinâmica é aplicada pelo Random Forest na resolução de problemas?," Depende de sua implementação, e pode ser utilizado para o Random Forest ser otimizado. Mas originalmente ele não é.",funcionamento,Douglas Dallavale e Vinícius Vianna
,O Random Forest é um algoritmo de força bruta?,Depende de sua implementação. Mas originalmente ele não é.,conceito,Douglas Dallavale e Vinícius Vianna
,O algoritmo Random Forest utiliza força bruta?,Depende de sua implementação. Mas originalmente ele não é.,conceito,Douglas Dallavale e Vinícius Vianna
,Técnicas de força bruta fazem parte do algoritmo Random Forest?,Depende de sua implementação. Mas originalmente ele não é.,conceito,Douglas Dallavale e Vinícius Vianna
,Random Forest pode ser considerado um algoritmo simples de se implementação?,"Sim. Devido à sua simplicidade, é difícil construir um Floresta Aleatória “ruim”. Este algoritmo é também uma boa opção se você precisa desenvolver um modelo em curto espaço de tempo",conceito,Douglas Dallavale e Vinícius Vianna
,É simples implementar o algoritmo Random Forest?,"Sim. Devido à sua simplicidade, é difícil construir um Floresta Aleatória “ruim”. Este algoritmo é também uma boa opção se você precisa desenvolver um modelo em curto espaço de tempo",conceito,Douglas Dallavale e Vinícius Vianna
,A implementação do Random Forest pode ser feita de maneira simples?,"Sim. Devido à sua simplicidade, é difícil construir um Floresta Aleatória “ruim”. Este algoritmo é também uma boa opção se você precisa desenvolver um modelo em curto espaço de tempo",conceito,Douglas Dallavale e Vinícius Vianna
,Qual a utilidade dos hiperparâmetros do algoritmo Random Forest?,Os hiperparâmetros no Floresta Aleatória são utilizados ou para aumentar o poder preditivo do modelo ou para tornar o modelo mais rápido,hiperparametro,Douglas Dallavale e Vinícius Vianna
,Qual a finalidade dos hiperparâmetros do Random Forest?,Os hiperparâmetros no Floresta Aleatória são utilizados ou para aumentar o poder preditivo do modelo ou para tornar o modelo mais rápido,hiperparametro,Douglas Dallavale e Vinícius Vianna
,Para quê servem os hiperparâmetros do Random Forest?,Os hiperparâmetros no Floresta Aleatória são utilizados ou para aumentar o poder preditivo do modelo ou para tornar o modelo mais rápido,hiperparametro,Douglas Dallavale e Vinícius Vianna
,O Random Forest utiliza os hiperparâmetros para qual finalidade?,Os hiperparâmetros no Floresta Aleatória são utilizados ou para aumentar o poder preditivo do modelo ou para tornar o modelo mais rápido,hiperparametro,Douglas Dallavale e Vinícius Vianna
,Como os dados do algoritmo Random Forest são organizados estruturalmente?,"Eles são organizados em uma árvore de decisões que podem ser representados por nodos, e cada um desses nodos representam um teste para a árvore",funcionamento,Douglas Dallavale e Vinícius Vianna
,Qual estrutura de dados é utilizada pelo algoritmo Random Forest?,"Eles são organizados em uma árvore de decisões que podem ser representados por nodos, e cada um desses nodos representam um teste para a árvore",funcionamento,Douglas Dallavale e Vinícius Vianna
,Que estrutura de dados o algoritmo Random Forest utiliza?,"Eles são organizados em uma árvore de decisões que podem ser representados por nodos, e cada um desses nodos representam um teste para a árvore",funcionamento,Douglas Dallavale e Vinícius Vianna
,Quem é o autor da primeira versão do algoritmo Random Forest?,O criador do algoritmo foi o Tim Kam Ho.,historia,Douglas Dallavale e Vinícius Vianna
,Quem foi o criador do Random Forest?,O criador do algoritmo foi o Tim Kam Ho.,historia,Douglas Dallavale e Vinícius Vianna
,O primeiro algoritmo Random Forest foi desenvolvido por quem?,O criador do algoritmo foi o Tim Kam Ho.,historia,Douglas Dallavale e Vinícius Vianna
,Random Forest foi elaborado por quem?,O criador do algoritmo foi o Tim Kam Ho.,historia,Douglas Dallavale e Vinícius Vianna
,Quem desenvolveu inicialmente o Random Forest?,O criador do algoritmo foi o Tim Kam Ho.,historia,Douglas Dallavale e Vinícius Vianna
,Qual a importância das características do algoritmo Random Forest?,"O algoritmo de floresta aleatória adiciona aleatoriedade extra ao model, quando está criando as árvores. Ao invés de procurar pela melhor característica ao fazer a partição de nodos, ele busca a melhor característica em um subconjunto aleatório das características. Este processo cria uma grande diversidade, o que geralmente leva a geração de modelos melhores.
",conceito,Douglas Dallavale e Vinícius Vianna
,Qual a relevância das características do Random Forest?,"O algoritmo de floresta aleatória adiciona aleatoriedade extra ao model, quando está criando as árvores. Ao invés de procurar pela melhor característica ao fazer a partição de nodos, ele busca a melhor característica em um subconjunto aleatório das características. Este processo cria uma grande diversidade, o que geralmente leva a geração de modelos melhores.
",conceito,Douglas Dallavale e Vinícius Vianna
,Random Forest é um algoritmo de aproximação?,"Não. Pois um algoritmo de aproximação nos dá um resultado aproximado do que queremos, e o Random Forest é mais preciso neste quesito.
",funcionamento,Douglas Dallavale e Vinícius Vianna
,O algoritmo Random Forest é de aproximação?,"Não. Pois um algoritmo de aproximação nos dá um resultado aproximado do que queremos, e o Random Forest é mais preciso neste quesito.
",funcionamento,Douglas Dallavale e Vinícius Vianna
,Random Forest pertence a categoria de algoritmos de aproximação?,"Não. Pois um algoritmo de aproximação nos dá um resultado aproximado do que queremos, e o Random Forest é mais preciso neste quesito.
",funcionamento,Douglas Dallavale e Vinícius Vianna
,O algoritmo Random Forest se enquadra na categoria de algoritmos de aproximação?,"Não. Pois um algoritmo de aproximação nos dá um resultado aproximado do que queremos, e o Random Forest é mais preciso neste quesito.
",funcionamento,Douglas Dallavale e Vinícius Vianna
,Random Forest é um algoritmo de classificação?,Sim. Este algoritmo é capaz de classificar em diferentes classes os dados que lhe são recebidos,funcionamento,Douglas Dallavale e Vinícius Vianna
,O algoritmo Random Forest é de classificação?,Sim. Este algoritmo é capaz de classificar em diferentes classes os dados que lhe são recebidos,funcionamento,Douglas Dallavale e Vinícius Vianna
,Random Forest é um algoritmo que pode ser usado em classificação?,Sim. Este algoritmo é capaz de classificar em diferentes classes os dados que lhe são recebidos,funcionamento,Douglas Dallavale e Vinícius Vianna
,É possível usar o Random Forest em classificação?,Sim. Este algoritmo é capaz de classificar em diferentes classes os dados que lhe são recebidos,funcionamento,Douglas Dallavale e Vinícius Vianna
,A classe do algoritmo Random Forest é de compressão?,"Não. por que ele não é utilizado para comprimir dados, e sim para classificá-los",funcionamento,Douglas Dallavale e Vinícius Vianna
,O Random Forest é um algoritmo de compressão?,"Não. por que ele não é utilizado para comprimir dados, e sim para classificá-los",funcionamento,Douglas Dallavale e Vinícius Vianna
,O algoritmo Random Forest se encaixa na categoria de algoritmos de compressão?,"Não. por que ele não é utilizado para comprimir dados, e sim para classificá-los",funcionamento,Douglas Dallavale e Vinícius Vianna
,Random Forest é um algoritmo de regressão?,Sim. Este é um dos modelos que o algoritmo utiliza para fazer suas previsões,funcionamento,Douglas Dallavale e Vinícius Vianna
,É possível usar o Random Forest para regressão?,Sim. Este é um dos modelos que o algoritmo utiliza para fazer suas previsões,funcionamento,Douglas Dallavale e Vinícius Vianna
,Regressão é uma possibilidade com o uso do Random Forest?,Sim. Este é um dos modelos que o algoritmo utiliza para fazer suas previsões,funcionamento,Douglas Dallavale e Vinícius Vianna
,O algoritmo Random Forest resolve os problemas de uma forma eficiente?,"Sim, ele na verdade é um dos algoritmos mais eficientes neste quesito",funcionamento,Douglas Dallavale e Vinícius Vianna
,Quais as vantagens de utilizar o algoritmo?,"Alta velocidade de aprendizagem, aprendizado não iterativo, escalabilidade,  alta qualidade dos modelos obtidos",vantagens,Douglas Dallavale e Vinícius Vianna
,Quais os prós do algoritmo?,"Alta velocidade de aprendizagem, aprendizado não iterativo, escalabilidade,  alta qualidade dos modelos obtidos",vantagens,Douglas Dallavale e Vinícius Vianna
,Que vantagens o Randdom Forest possui?,"Alta velocidade de aprendizagem, aprendizado não iterativo, escalabilidade,  alta qualidade dos modelos obtidos",vantagens,Douglas Dallavale e Vinícius Vianna
,Quais as desvantagens de utilizar o algoritmo?,"O algoritmo funciona pior do que a maioria dos métodos lineares quando um conjunto tem muitas características esparsas, o algoritmo é propenso a overfitting, especialmente em tarefas com muito ruído.",desvantagens,Douglas Dallavale e Vinícius Vianna
,Quais os contras do algoritmo?,"O algoritmo funciona pior do que a maioria dos métodos lineares quando um conjunto tem muitas características esparsas, o algoritmo é propenso a overfitting, especialmente em tarefas com muito ruído.",desvantagens,Douglas Dallavale e Vinícius Vianna
,Que desvantagens o Random Forest possui?,"O algoritmo funciona pior do que a maioria dos métodos lineares quando um conjunto tem muitas características esparsas, o algoritmo é propenso a overfitting, especialmente em tarefas com muito ruído.",desvantagens,Douglas Dallavale e Vinícius Vianna
,Com que tipos de entradas o algoritmo pode trabalhar?,"Uma de suas vantagem é que ele pode trabalhar com diferentes tipos de entradas, tais como binárias, categóricas ou numéricas.",funcionamento,Douglas Dallavale e Vinícius Vianna
,Quais os tipos de entradas que o algoritmo aceita?,"Uma de suas vantagem é que ele pode trabalhar com diferentes tipos de entradas, tais como binárias, categóricas ou numéricas.",funcionamento,Douglas Dallavale e Vinícius Vianna
